instance,period,timestamp,instance_name,rules,user_count,note
mastodon.lubar.me,jan-feb2023,20200919064810,Ben Lubar's Mastodon Instance,[],12,available-blue-dot
184.im,jan-feb2023,20250417140146,Sharkey,[],1,available-blue-dot
social.oberhauser.space,jan-feb2023,,,null,,no valid snapshot Jan-Feb 2023
pix.0m.ax,jan-feb2023,20241114234308,Pixelfed,[],1,available-blue-dot
appellate.social,jan-feb2023,20230521001640,Appellate Social,"[{""id"": ""5"", ""text"": ""To preserve a friendly space, and to preserve our links with other federated servers, people here will be expected to follow basic rules. Those include:""}, {""id"": ""6"", ""text"": ""No harassment, dogpiling or doxxing of other users""}, {""id"": ""7"", ""text"": ""Sexually explicit or violent media must be marked as sensitive when posting""}, {""id"": ""8"", ""text"": ""No racism, sexism, homophobia, transphobia, xenophobia, or casteism""}, {""id"": ""9"", ""text"": ""No incitement of violence or promotion of violent ideologies""}, {""id"": ""10"", ""text"": ""Do not share intentionally false or misleading information""}]",85,available-blue-dot
social.restless.systems,jan-feb2023,,,null,,no valid snapshot Jan-Feb 2023
mastodon.im.sb,jan-feb2023,20220630074334,@im.sb Mastodon,"[{""id"": ""1"", ""text"": ""遵循中文互联网的通用规则。\r\n""}, {""id"": ""2"", ""text"": ""特别的，严禁儿童色情（包括二次元）、政治相关内容。\r\n""}, {""id"": ""3"", ""text"": ""严禁虚拟币推广、拉人头相关内容。""}]",227,available-blue-dot
post.lurk.org,jan-feb2023,,,null,,no valid snapshot Jan-Feb 2023
mastodon.li,jan-feb2023,20250429043640,Mastodon中文站,"[{""id"": ""4"", ""text"": ""不要發布討厭的小廣告"", ""hint"": ""不要發布討厭的小廣告""}, {""id"": ""5"", ""text"": ""為保護您的隱私，您可以考慮使用VPN登錄，並避免使用可能暴露您隱私的郵箱，如QQ郵箱，或以手機號註冊的郵箱（139、189等郵箱平台）等；"", ""hint"": ""為保護您的隱私，您可以考慮使用VPN登錄，並避免使用可能暴露您隱私的郵箱，如QQ郵箱，或以手機號註冊的郵箱（139、189等郵箱平台）等；""}, {""id"": ""6"", ""text"": ""註冊後2周內請至少使用一次您的帳號，發表內容或更換頭像均可。"", ""hint"": ""註冊後2周內請至少使用一次您的帳號，發表內容或更換頭像均可。""}, {""id"": ""8"", ""text"": ""帳號註冊成功以後儘量開啟雙重認證，確保帳戶不會被盜或者找回。"", ""hint"": ""帳號註冊成功以後儘量開啟雙重認證，確保帳戶不會被盜或者找回。""}, {""id"": ""9"", ""text"": ""和推特、微博一樣，Mastodon的私信並未加密，管理員可以通過伺服器調取信息。"", ""hint"": ""本站管理員承諾未經允許不主動調閱任何用戶的私信，但請以和微博、推特私信一樣的謹慎處理Mastodon私信，不要在其中暴露您的敏感信息，如詳細地址、銀行卡帳號、密碼等。""}]",657,available-blue-dot
types.pl,jan-feb2023,20230827042159,types.pl,"[{""id"": ""1"", ""text"": ""Racism, homophobia, antisemitism, transphobia, classism against the working class, ableism, exclusionary behavior, misogyny, genocide denial, harassment, Islamophobia, and other similar hate is not permitted. I will personally blast you into the sun. ""}, {""id"": ""2"", ""text"": "" Use content warnings for various topics, such as sexual content, mental health, food, and other touchy topics at your own discretion. If a content warning is required, the admins will let you know. ""}, {""id"": ""3"", ""text"": "" Don't advertise or spam. Asking for money is alright, but this is not a space to solely sell a product without somehow being tied to a user. ""}, {""id"": ""4"", ""text"": "" As a general rule of thumb, images should be captioned. If you are for whatever reason unable to caption an image, please add the content warning \""uncaptioned image\"" or something akin. ""}, {""id"": ""5"", ""text"": "" Illegal content is not allowed. Despite the knowledge that some laws are unjust, types.pl does not endorse illegal action. This specifically lies under the jurisdiction of the United States, as that is where the servers are located. ""}, {""id"": ""6"", ""text"": "" If you are using a Twitter crossposter, you should be posting content on Mastodon as well. If the large majority of your posts are Twitter crossposts, you will be banned. ""}, {""id"": ""8"", ""text"": ""No cops, no feds. Members of law enforcement, federal security and intelligence, the military, etc. are not welcome. This is particularly relevant for such organizations in the United States, where the servers are located.""}, {""id"": ""9"", ""text"": ""Administrators reserve the right to defederate with instances or boot users off the instance at their will for any reason.""}]",848,available-blue-dot
pixelfed.art,jan-feb2023,20250425125214,pixelfed.art,"[{""id"": ""1"", ""text"": ""Sexually explicit or violent media must be marked as sensitive when posting""}, {""id"": ""2"", ""text"": ""No racism, sexism, homophobia, transphobia, xenophobia, or casteism""}, {""id"": ""3"", ""text"": ""No incitement of violence or promotion of violent ideologies""}, {""id"": ""4"", ""text"": ""No harassment, dogpiling or doxxing of other users""}, {""id"": ""5"", ""text"": ""No content illegal in United States, Canada or the EU""}, {""id"": ""6"", ""text"": ""No content that includes sexual depictions of minors (this includes loli)""}, {""id"": ""7"", ""text"": ""No posting other artist's work without credit AND analysis/opinion""}, {""id"": ""8"", ""text"": ""No AI generated art""}, {""id"": ""9"", ""text"": ""No follow or hashtag spam""}]",9264,available-blue-dot
mastodon.insa.lol,jan-feb2023,20250613220859,Mastodon,"[{""id"": ""1"", ""text"": ""Pas de racisme"", ""hint"": """"}, {""id"": ""2"", ""text"": ""Pas de sexisme"", ""hint"": """"}, {""id"": ""3"", ""text"": ""Pas d'harcèlement "", ""hint"": """"}]",1677,available-blue-dot
mastodon.juggler.jp,jan-feb2023,20230525205429,juggler.jp Mastodon サービス,"[{""id"": ""1"", ""text"": ""日本の法律や判例で禁止されてることはダメです。ただし親告罪は関係者からの通報がない場合は黙認する場合があります。""}, {""id"": ""3"", ""text"": ""(ネット上のアバターを含む)実在する人格へのなりすましを禁止します。""}, {""id"": ""4"", ""text"": ""サーバ運営を妨害する行為はダメです。これはアカウント大量作成、無差別フォロー、無差別ブースト、無差別ファボを含みます。\r\n""}, {""id"": ""7"", ""text"": ""(GDPR免責) あなたがデータを削除したい場合、我々は可能な範囲で対応します。しかし連合先のサーバ上のデータの削除について完全な責任を持つことは非常に困難です。これはEUのGDPRに厳密には適合しません。ユーザはこれに同意した上でアカウントを作成したものとみなします。""}, {""id"": ""8"", ""text"": ""公開TLからのサイレンス対象。セールス、政治活動、宗教勧誘、SEO目的の投稿が多い人。公開TLに自動投稿するボット。オカルトやスピリチュアルや愚痴ばかり書いて住民からの呼びかけにはほとんど答えない人。アバターアイコンや名前が食事時に見たくない感じの人。その他管理者が公開TLに不適切であると判断したアカウントはサイレンス、凍結、停止などの処置を行う場合があります。""}, {""id"": ""10"", ""text"": ""年齢が14歳未満のユーザはこのサーバを利用できません。""}]",1811,available-blue-dot
tilde.zone,jan-feb2023,20221123043127,tilde.zone,"[{""id"": ""1"", ""text"": ""Sexually explicit or violent media must be marked as sensitive when posting""}, {""id"": ""2"", ""text"": ""No fascism, racism, sexism, homophobia, transphobia, xenophobia, or casteism""}, {""id"": ""3"", ""text"": ""No incitement of violence or promotion of violent ideologies""}, {""id"": ""4"", ""text"": ""No harassment or doxxing of other users""}, {""id"": ""5"", ""text"": ""No content illegal in Germany""}, {""id"": ""6"", ""text"": ""Do not share intentionally false or misleading information""}, {""id"": ""7"", ""text"": ""No cryptocurrencies or NFTs""}, {""id"": ""8"", ""text"": ""You must be at least 13 years of age to register here""}]",1421,available-blue-dot
lor.sh,jan-feb2023,,,null,,no valid snapshot Jan-Feb 2023
sciences.social,jan-feb2023,,,null,,no valid snapshot Jan-Feb 2023
astrodon.social,jan-feb2023,20221107235909,Astrodon - The Astro Community,"[{""id"": ""1"", ""text"": ""No hate speech, sexism, ableism, homophobia, transphobia, discrimination, or harassment of any kind.""}, {""id"": ""3"", ""text"": ""No advertising or spam content. It's okay to promote yourself (especially your work and publications!), but not paid products or services.""}, {""id"": ""2"", ""text"": ""Be respectful and treat others the way you want to be treated. Disagreement and collegiate discussion is acceptable, and rational debate is to be encouraged. Rudeness, insults, exclusion of others, dogpiling, and other anti-social behaviour is not.""}, {""id"": ""5"", ""text"": ""No impersonation of others, or false representation of yourself, your credentials, or institutional affiliations.""}, {""id"": ""4"", ""text"": ""Public images and media must be annotated. Where the material is not yours, source attribution must be provided, preferably with a link to the original. ""}, {""id"": ""6"", ""text"": ""No shortened links, e.g. bit.ly, t.ly, goo.gl, ift.tt, lnkd.in, is.gd or t.co (These are malicious because link-shorteners track users without their consent and obscure the destination address, which also prevents users from being able to decide whether they want to visit the link beforehand)""}, {""id"": ""7"", ""text"": ""Use content warnings to help keep this a stress-free community. Consider marking off-topic content as sensitive to allow other community members to engage with it or not. Triggering content (see below) must be marked as sensitive.""}]",804,available-blue-dot
flipboard.social,jan-feb2023,,,null,,no valid snapshot Jan-Feb 2023
101010.pl,jan-feb2023,20221107202824,101010.pl,"[{""id"": ""2"", ""text"": ""101010.pl jest instancją udostępnioną dla wszystkich dążących do swobodnego przepływu wiadomości, wiedzy, opinii, sztuki i żartów. Nasz serwer i społeczność są do Twojej dyspozycji. Czytaj, pisz, uczestnicz i rozwijaj się wraz z nami. Jako serwer krajowy preferujemy język polski, lub angielski.""}, {""id"": ""3"", ""text"": ""Administracja 101010.pl zachowuje neutralność światopoglądową i promuje wolność słowa. Wierzymy, że sieć jest miejscem dialogu pozwalającym na wymianę różnorodnych poglądów.""}, {""id"": ""4"", ""text"": ""Masz prawo do własnego zdania. Możesz mieć lewicowe, prawicowe albo centrowe poglądy polityczne. Możesz wyznawać dowolną wiarę, albo być ateistą. Możesz reprezentować dowolną orientację seksualną.""}, {""id"": ""5"", ""text"": ""Twoje prawo do wolności to jednocześnie obowiązek. Szanuj innych, jako ludzi, nawet jeśli nie podzielasz i nie szanujesz ich poglądów. Nie agituj nachalnie, dyskutuj korzystając z argumentów i uznając prawo innych do posiadania własnego zdania.""}, {""id"": ""6"", ""text"": ""Szanuj prawo do prywatności. Pamiętaj, że nie każdy musi się z Tobą zgadzać, możesz spotkać się z krytyką. Krytyka nie jest tożsama z nietolerancją. Na tym polega wolność.""}, {""id"": ""7"", ""text"": ""Nie zostaniesz zbanowany za poglądy, ale musisz stosować się do kilku zawartych tutaj zasad. Nie bądź agresywny, nie obrażaj innych i nie groź im. Erotykę i inne treści przeznaczone dla dorosłych wstawiaj, jako treść ukrytą (przycisk CW).""}, {""id"": ""8"", ""text"": ""Powstrzymaj się od agresywnej reklamy (produktów, polityków, ideologii i czegokolwiek innego). Publikuj wyłącznie treści legalne i przestrzegaj prawa (w tym prawa lokalizacji serwera, czyli polskiego). Łamiąc prawo wyrażasz zgodę na wzięcie na siebie za to pełnej odpowiedzialności.""}]",3372,available-blue-dot
c.im,jan-feb2023,20230101141105,C.IM,"[{""id"": ""11"", ""text"": ""Respect the laws of Germany and the Isle of Man, including those related to hate speech and defamation.""}, {""id"": ""12"", ""text"": ""Threatening, abusive, intolerant or illegal behavior may lead to moderation and/or further measures. We have a zero tolerance approach to racism, sexism, homophobia and transphobia. Moderation decisions are final. ""}, {""id"": ""13"", ""text"": ""The Content Warning flag should be used for NSFW content, and NSFW media should be marked as sensitive.""}, {""id"": ""14"", ""text"": ""Account registrations are monitored and accounts considered spam (including commercial advertising, political campaigning/propaganda, duplicate accounts or impersonating legal entities) will be moderated or removed.""}, {""id"": ""15"", ""text"": ""Do not harass or bully other users.""}, {""id"": ""16"", ""text"": ""Do not share illegal or copyrighted content.""}, {""id"": ""17"", ""text"": ""Do not spam or engage in any form of malicious activity.""}, {""id"": ""18"", ""text"": ""Keep discussions civil and respectful, and refrain from using derogatory language or engaging in personal attacks.""}, {""id"": ""19"", ""text"": ""Do not reveal personal information about other people without their consent.""}, {""id"": ""20"", ""text"": ""Use appropriate tags and content warnings when posting potentially sensitive or triggering content.""}, {""id"": ""21"", ""text"": ""If you see a violation of these rules, report it to the moderation team.""}, {""id"": ""22"", ""text"": ""To use our service, you are at least 18 years old.""}]",61784,cdx-window
piaille.fr,jan-feb2023,20231204082220,Piaille,"[{""id"": ""1"", ""text"": ""Conformément aux lois françaises et à la jurisprudence, les contenus pédopornographiques, y compris sous forme dessinée, sont illégaux et seront supprimés, et les comptes concernés bloqués (si distants) ou supprimés (si local).""}, {""id"": ""2"", ""text"": ""La nudité, les contenus érotiques, pornographiques ou visiblement violents doivent être marqués avec le drapeau \""sensible / sensitive\"". Les comptes ne respectant pas cette règle seront supprimés\r\n""}, {""id"": ""3"", ""text"": ""La publicité, sous forme répétée et/ou intrusive (faisant mention d'autres utilisateur·ices), n'est pas acceptée. Les comptes concernés seront rendus invisibles aux flux locaux et fédérés, ou supprimés, selon la gravité de la situation.""}, {""id"": ""4"", ""text"": ""Approchez les personnes avec précaution et politesse. Si une personne vous demande d'arrêter de la mentionner ou qu'elle exprime ne plus vouloir participer à une discussion, arrêtez immédiatement.""}, {""id"": ""5"", ""text"": ""Sont interdits les propos, images ou vidéos racistes, sexistes, homophobes, psychophobes ou transphobes.\r\n""}, {""id"": ""6"", ""text"": ""Sont interdits les avances ou propositions à caractères sexuels non-sollicitées.\r\n""}, {""id"": ""7"", ""text"": ""Sont interdit toute conduite, en public ou en privé, ayant pour but de traquer, harceler ou intimider d'autres personnes.\r\n""}, {""id"": ""8"", ""text"": ""Il est interdit de rassembler, publier, disséminer les informations personnelles d'une autre personne sans son autorisation explicite.\r\n""}, {""id"": ""9"", ""text"": ""Il est interdit de poursuivre une conversation ou inciter une personne à poursuivre une interaction avec une personne ayant réclamé la cessation de ladite interaction. Cela peut être considéré comme du harcèlement, indépendamment de la confidentialité employée.\r\n""}, {""id"": ""10"", ""text"": ""Est interdit toute tentative de retournement d’une oppression systémique. Par exemple : « racisme anti-blanc », « sexisme anti-homme », « hétérophobie », « cisphobie ».\r\n""}, {""id"": ""11"", ""text"": ""Il est interdit de publier ou diffuser intentionnellement des propos diffamatoires, calomnieux, ainsi que toute désinformation avec intention de tromper (le gorafi ou the onion sont donc autorisés). Les profils satiriques doivent être indiqués comme tels dans leur nom et description publique.\r\n""}]",28577,available-blue-dot
bae.st,jan-feb2023,,,null,,no valid snapshot Jan-Feb 2023
me.pptry.info,jan-feb2023,,,null,,no valid snapshot Jan-Feb 2023
autonomous.zone,jan-feb2023,20230521002618,a federated autonomous zone,"[{""id"": ""2"", ""text"": ""    This server is antifa""}, {""id"": ""3"", ""text"": ""No racism, sexism, homophobia, transphobia, xenophobia, ableism and classism""}, {""id"": ""4"", ""text"": ""This server is anti-capitalist""}, {""id"": ""5"", ""text"": ""Respect the consent of others, no harassment""}, {""id"": ""6"", ""text"": ""No borders, no nations""}, {""id"": ""7"", ""text"": ""Community fridges for all!""}, {""id"": ""8"", ""text"": ""The use of image descriptions and content warnings is greatly appreciated""}]",68,available-blue-dot
med-mastodon.com,jan-feb2023,20221107235909,Med-Mastodon,"[{""id"": ""2"", ""text"": ""No hate speech""}, {""id"": ""3"", ""text"": ""No blatant misinformation""}, {""id"": ""4"", ""text"": ""No PHI""}]",1444,available-blue-dot
functional.cafe,jan-feb2023,20250226195629,Functional Café,"[{""id"": ""1"", ""text"": ""Be friendly, be respectful, stay on-topic and avoid derailing discussions."", ""hint"": """"}, {""id"": ""2"", ""text"": ""Sexually explicit or violent media must be marked as sensitive when posting."", ""hint"": """"}, {""id"": ""3"", ""text"": ""No spam or advertising."", ""hint"": """"}, {""id"": ""4"", ""text"": ""No racism, sexism, homophobia, transphobia, xenophobia, or casteism."", ""hint"": """"}, {""id"": ""5"", ""text"": ""No incitement of violence or promotion of violent ideologies."", ""hint"": """"}, {""id"": ""6"", ""text"": ""No harassment, dogpiling or doxxing of other users on any instance."", ""hint"": """"}, {""id"": ""7"", ""text"": ""No illegal content."", ""hint"": """"}, {""id"": ""8"", ""text"": ""No spreading of fake news or misinformation."", ""hint"": """"}, {""id"": ""9"", ""text"": ""Off-topic toots should have a CW (content warning) description.\r\n\r\nWhile we encourage this behavior, please note that we will not actively seek out untagged toots."", ""hint"": """"}]",828,available-blue-dot
pol.social,jan-feb2023,20240502054309,Pol.social,"[{""id"": ""1"", ""text"": ""Na serwerze obowiązują ogólne zasady Netykiety ( https://pl.wikipedia.org/wiki/Netykieta )\r\nZwracamy się do siebie z szacunkiem.""}, {""id"": ""2"", ""text"": ""Nie dopuszczamy poniższych rzeczy:\r\n- Pornografii\r\n- Przemocy seksualnej\r\n- Homofobii, transfobi, ksenofobi\r\n- Rasizmu, seksizmu\r\n- Fake newsów\r\n- Przemocy w każdej formie do innych użytkowników\r\n- Treści niedozwolonych polskim prawem.""}]",7102,available-blue-dot
cupoftea.social,jan-feb2023,20230201131308,CupOfTea.Social,"[{""id"": ""1"", ""text"": ""Be Respectful, Content that is racist, sexist, hateful, nasty or discriminatory is not welcome.""}, {""id"": ""2"", ""text"": ""No harassment, dogpiling or doxxing of other users""}, {""id"": ""3"", ""text"": ""No incitement of violence or promotion of violent ideologies""}, {""id"": ""4"", ""text"": ""Sexually explicit ,violent  or sensitive media must be marked as such when posting\r\n""}, {""id"": ""5"", ""text"": ""No spam , Porn or S**t Posting, Its just not for this server ""}, {""id"": ""6"", ""text"": ""No accounts setup purely to sell something / Fake Engagement (Such As Investments/NFT/Cryptos/Wealth stuff) ""}]",4080,cdx-window
merveilles.town,jan-feb2023,20231113064604,Merveilles,"[{""id"": ""11"", ""text"": ""One must respect the Code of Conduct.""}, {""id"": ""12"", ""text"": ""One must remember the Three Gates Of Speech.\r\n""}, {""id"": ""13"", ""text"": ""One must wear a Black & White avatar.\r\n""}, {""id"": ""14"", ""text"": ""Please read through the rest of this extended about page for more information.""}]",646,available-blue-dot
cosocial.ca,jan-feb2023,,,null,,no valid snapshot Jan-Feb 2023
woof.group,jan-feb2023,,,null,,no valid snapshot Jan-Feb 2023
uuchten.lu,jan-feb2023,,,null,,no valid snapshot Jan-Feb 2023
g0v.social,jan-feb2023,20230323092203,g0v.social,"[{""id"": ""1"", ""text"": ""https://g0v.social/terms""}, {""id"": ""4"", ""text"": ""遵守參與守則 code of conduct https://g0v.hackmd.io/s/COC""}, {""id"": ""5"", ""text"": ""閱讀使用說明 \r\n\r\nhttps://siaulian.wordpress.com/2021/01/14/mastodon-taiwan-user-guide/\r\n""}, {""id"": ""12"", ""text"": ""Taiwan is a country""}, {""id"": ""13"", ""text"": ""閱讀使用說明\r\nhttps://www.notion.so/peilun/Mastodon-9257c3e1cd3f42ae9902d6fc9cda6320""}, {""id"": ""16"", ""text"": ""多說做了什麼，少說看了什麼\r\n\r\nPost what you did, not what you saw""}]",7245,available-blue-dot
social.opensource.org,jan-feb2023,20230302230912,OSI Mastodon,"[{""id"": ""1"", ""text"": ""All posts carried by this server must abide by OSI's Code of Conduct at https://opensource.org/codeofconduct/""}, {""id"": ""2"", ""text"": ""Posts are carried at the absolute discretion of the OSI Executive Director who will remove any post that is considered against the code of conduct or is considered inappropriate and/or suspend access for any user and/or any server.""}]",3,available-blue-dot
oslo.town,jan-feb2023,,,null,,no valid snapshot Jan-Feb 2023
digitalcourage.social,jan-feb2023,20230928000420,digitalcourage.social,"[{""id"": ""6"", ""text"": ""Alle Menschen, die sich für eine lebenswerte Welt engagieren wollen, sind bei uns willkommen. Wir möchten einen respektvollen Umgang miteinander pflegen und gute Gastgeber.innen sein. ""}, {""id"": ""7"", ""text"": ""Sollte uns das einmal nicht gelingen, gehe nicht einfach nur still weg, sondern sprich uns bitte an, damit sich alle Beteiligten bei uns wohlfühlen und einbringen können.""}]",2686,available-blue-dot
sciencemastodon.com,jan-feb2023,,,null,,no valid snapshot Jan-Feb 2023
mastodon.gamedev.place,jan-feb2023,20240103092320,Gamedev Mastodon,"[{""id"": ""1"", ""text"": ""Sexually explicit or violent media must be marked as sensitive when posting""}, {""id"": ""2"", ""text"": ""No racism, sexism, homophobia, transphobia, xenophobia, or casteism""}, {""id"": ""3"", ""text"": ""No incitement of violence or promotion of violent ideologies""}, {""id"": ""4"", ""text"": ""No harassment, dogpiling or doxxing of other users""}, {""id"": ""5"", ""text"": ""No content illegal in EU""}, {""id"": ""6"", ""text"": ""Do not share intentionally false or misleading information""}]",30276,available-blue-dot
social.treehouse.systems,jan-feb2023,,,null,,no valid snapshot Jan-Feb 2023
social.mikutter.hachune.net,jan-feb2023,20221020153255,mikutter,"[{""id"": ""1"", ""text"": ""えあい""}, {""id"": ""2"", ""text"": ""みたらしだんご""}, {""id"": ""3"", ""text"": ""kb10uy""}]",420,available-blue-dot
mastodon.math.unipd.it,jan-feb2023,,,null,,no valid snapshot Jan-Feb 2023
journa.host,jan-feb2023,20230624145043,Mastodon,"[{""id"": ""9"", ""text"": ""Sexually explicit or violent media must be marked as sensitive when posting.""}, {""id"": ""10"", ""text"": ""No racism, sexism, homophobia, transphobia, xenophobia, antisemitism, or casteism.""}, {""id"": ""11"", ""text"": ""No incitement of violence or promotion of violent ideologies.""}, {""id"": ""12"", ""text"": ""No harassment of or dogpiling other users.""}, {""id"": ""13"", ""text"": ""Do not share intentionally false or misleading information.""}, {""id"": ""14"", ""text"": ""This is a server for journalists. If you are not a journalist, please look to one of the many other servers that exist. There are HUNDREDS you can find: https://joinmastodon.org/servers or https://instances.social/.""}, {""id"": ""16"", ""text"": ""No ad hominem attacks. Don’t discredit someone because of who they are. ""}, {""id"": ""17"", ""text"": ""Do not propagate misinformation or disinformation. ""}, {""id"": ""19"", ""text"": ""Don’t harass anyone, especially the moderators. Harassment can be difficult to define fully, but any sort of slurs or prejudicial comments based on identity will be removed. Repeated harassment will prompt a suspension.""}, {""id"": ""20"", ""text"": ""Do not encourage violence, either implicitly or explicitly.""}, {""id"": ""21"", ""text"": ""Hate speech is not tolerated. This includes racism, misogyny, transphobia, homophobia and religious intolerance such as anti-semitism. This list is illustrative but not exhaustive. ""}]",3003,available-blue-dot
kommentakerfid.is,jan-feb2023,20240919145213,Kommentakerfið - Vertu virkur!,"[{""id"": ""1"", ""text"": ""Enginn hatursáróður\r\n\r\nÞað er bannað að vera með eða endurbirta hatursáróður. Dæmi: rasismi, transfóbía""}, {""id"": ""2"", ""text"": ""Innihaldsviðvörun (CW) á nekt\r\n\r\nSetjið innihaldsviðvörun á nekt. Auðvitað geta verið undantekningar þannig að þið notið dómgreindina.""}, {""id"": ""3"", ""text"": ""Crypto (Bitcoin, NFT og þess háttar)\r\n\r\nFarið varlega þegar þið deilið efni sem fjallar um Crypto af því það er mikið um vafasamar fullyrðingar og tilboð.""}, {""id"": ""4"", ""text"": ""Ofbeldi og fólk í neyð\r\n\r\nNotið innihaldsviðvaranir á efni sem inniheldur ofbeldi. Ekki deila myndum af fólki í neyð ef líkur eru á því að það vilji ekki að slíkt efni fari í dreifingu.""}, {""id"": ""5"", ""text"": ""Engar falsfréttir\r\n\r\nEkki deila tenglum á falsfréttamiðla (þó allir geri stundum mistök í að meta slíkt).""}, {""id"": ""6"", ""text"": ""Breytingar á færslum\r\n\r\nÞað er mögulegt að breyta færslum á Mastodon. Vinsamlegast farið varlega í að breyta færslum sem þegar eru komnar í dreifingu (og búnar að fá endurbirtingar). Sumsé, ekki breyta færslum á villandi hátt þannig að meining þeirra breytist.""}]",20,available-blue-dot
pixelfed.fr,jan-feb2023,20250710073801,Pixelfed,"[{""id"": ""1"", ""text"": ""Pas de diffusion des idées d’extrême droite""}, {""id"": ""2"", ""text"": ""Pas de racisme""}, {""id"": ""3"", ""text"": ""Pas de xénophobie en général""}, {""id"": ""4"", ""text"": ""Pas de confusionnisme""}, {""id"": ""5"", ""text"": ""Utilisation du CW pour la nudité ou la pornographie""}, {""id"": ""6"", ""text"": ""Pas de spam""}, {""id"": ""7"", ""text"": ""Principalement francophone""}, {""id"": ""8"", ""text"": ""Discussions dans le respect des autres utilisateurs""}, {""id"": ""9"", ""text"": ""Pas d'intelligence artificielle""}]",11707,available-blue-dot
veganism.social,jan-feb2023,,,null,,no valid snapshot Jan-Feb 2023
podcastindex.social,jan-feb2023,20230117140452,PodcastIndex Social,"[{""id"": ""1"", ""text"": ""Not for promotion of podcasts. ""}]",1299,cdx-window
mastodon.coffee,jan-feb2023,20221123113406,Mastodon ☕,"[{""id"": ""1"", ""text"": ""Sexually explicit or violent media must be marked as sensitive when posting.""}, {""id"": ""2"", ""text"": ""No spam or advertising.""}, {""id"": ""3"", ""text"": ""No racism, sexism, homophobia, transphobia, xenophobia, or casteism.""}, {""id"": ""4"", ""text"": ""No incitement of violence or promotion of violent ideologies.""}, {""id"": ""5"", ""text"": ""No harassment, dogpiling or doxxing of other users.""}, {""id"": ""6"", ""text"": ""No illegal content.""}, {""id"": ""7"", ""text"": ""Drink coffee! (not required)""}]",1422,available-blue-dot
akademienl.social,jan-feb2023,20250815125946,AkademieNL,"[{""id"": ""2"", ""text"": ""No racism, sexism, homophobia, transphobia, xenophobia, able-ism, etc."", ""hint"": """", ""translations"": {}}, {""id"": ""3"", ""text"": ""No incitement of violence, promotion of violent ideologies or violent behaviour of any manner."", ""hint"": """", ""translations"": {}}, {""id"": ""4"", ""text"": ""No doxxing, dogpiling or harassment in any form of other users."", ""hint"": """", ""translations"": {}}, {""id"": ""5"", ""text"": ""No spam, bots or advertisements. "", ""hint"": """", ""translations"": {}}, {""id"": ""6"", ""text"": ""No media and content which is sexual or violent in nature."", ""hint"": """", ""translations"": {}}, {""id"": ""7"", ""text"": ""No harmful, manipulated, or misleading information (e.g., regarding elections, public health)"", ""hint"": """", ""translations"": {}}, {""id"": ""8"", ""text"": ""In order to be able to moderate this server, posts need to either be written in Dutch or English."", ""hint"": """", ""translations"": {}}]",591,available-blue-dot
pub.osrx.social,jan-feb2023,20250420231422,Mastodon-PUB,"[{""id"": ""1"", ""text"": ""Keine Hassrede, Hetze, Rassismus oder Mobbing."", ""hint"": """"}]",2,available-blue-dot
dbg.social,jan-feb2023,20230126102859,dbg.social,"[{""id"": ""2"", ""text"": ""No content illegal in the US""}, {""id"": ""3"", ""text"": ""Treat everyone with respect""}, {""id"": ""4"", ""text"": ""No intentionally misleading information""}]",12,cdx-window
ioc.exchange,jan-feb2023,20230728161242,IOC.exchange,"[{""id"": ""1"", ""text"": ""Be Nice!""}, {""id"": ""2"", ""text"": ""Mark sensitive content with a content warning.""}, {""id"": ""3"", ""text"": ""No Spam and No Advertisement. (Promoting your own work is fine.)""}, {""id"": ""4"", ""text"": ""No Hate Speech!""}, {""id"": ""5"", ""text"": ""Reason for joining: What is your connection to the infosec/cybersecurity community?""}]",25880,available-blue-dot
hci.social,jan-feb2023,,,null,,no valid snapshot Jan-Feb 2023
martianbase.net,jan-feb2023,,,null,,no valid snapshot Jan-Feb 2023
pixelfed.de,jan-feb2023,,,null,,no valid snapshot Jan-Feb 2023
en.osm.town,jan-feb2023,,,null,,no valid snapshot Jan-Feb 2023
kolektiva.social,jan-feb2023,20221203043816,kolektiva.social,"[{""id"": ""1"", ""text"": ""No racism, misogyny, homo/transphobia, ableism or other oppressive behaviour. ""}, {""id"": ""2"", ""text"": ""No right wing bullshit and no authoritarian left wing apologetics. ""}, {""id"": ""3"", ""text"": ""No harassment.""}, {""id"": ""4"", ""text"": ""No electoral propaganda/campaigning.""}, {""id"": ""5"", ""text"": ""No misinformation or conspiracy theories.""}, {""id"": ""6"", ""text"": ""No promotion of capitalism, meritocracy or a commercial enterprise.""}, {""id"": ""7"", ""text"": ""No spam.""}, {""id"": ""8"", ""text"": ""No sexualized images without consent.""}]",27250,available-blue-dot
genomic.social,jan-feb2023,20221107235909,genomic.social,"[{""id"": ""1"", ""text"": ""Be kind to each other.""}, {""id"": ""2"", ""text"": ""No sexually explicit images or video""}, {""id"": ""3"", ""text"": ""No incitement of violence or promotion of violent ideologies""}, {""id"": ""5"", ""text"": ""No racism, sexism, homophobia, transphobia, xenophobia, or casteism""}, {""id"": ""7"", ""text"": ""No illegal content""}, {""id"": ""6"", ""text"": ""No harassment, dogpiling or doxxing of other users. This includes private harassment. ""}, {""id"": ""4"", ""text"": ""No intentionally false or misleading information""}, {""id"": ""8"", ""text"": ""No abuse or manipulation of the server instance""}]",1238,available-blue-dot
mailcow.social,jan-feb2023,,,null,,no valid snapshot Jan-Feb 2023
ruhr.social,jan-feb2023,,,null,,no valid snapshot Jan-Feb 2023
indieweb.social,jan-feb2023,20230125180521, Indieweb.Social ,"[{""id"": ""1"", ""text"": ""No spam or excessive self-promoting in posts.""}, {""id"": ""2"", ""text"": ""No bots that are not labeled as such in their profile.""}, {""id"": ""3"", ""text"": ""Keep conversations civil and respectful even in disagreement.""}, {""id"": ""4"", ""text"": ""No racism, sexism, homophobia, transphobia, xenophobia, anti-Semitism, or casteism""}, {""id"": ""5"", ""text"": ""No sexually explicit or violent posts or media allowed""}, {""id"": ""6"", ""text"": ""No incitement of violence or promotion of violent ideologies""}, {""id"": ""7"", ""text"": ""No illegal content.""}]",10581,cdx-window
social.data.coop,jan-feb2023,20230101091346,data.coop mastodon,"[{""id"": ""1"", ""text"": ""Do not engage in homophobic, racist, transphobic, ableist, sexist, or otherwise prejudiced behaviour.""}, {""id"": ""2"", ""text"": ""Do not harass people. Stalking, unconsented contact, or unwanted sexual attention is harassment.""}, {""id"": ""3"", ""text"": ""Aggression and elitism are not welcome — nobody should be afraid to ask questions.""}, {""id"": ""4"", ""text"": ""Data.coops Acceptable Usage Policy gælder for social.data.coop: https://git.data.coop/data.coop/dokumenter/src/branch/master/Acceptable%20Usage%20Policy.md""}]",30,cdx-window
toot.community,jan-feb2023,20221115153504,toot.community,"[{""id"": ""1"", ""text"": ""Sexually explicit or violent media must be marked as sensitive when posting.""}, {""id"": ""2"", ""text"": ""No racism, sexism, homophobia, transphobia, xenophobia, or casteism.""}, {""id"": ""3"", ""text"": ""No incitement of violence or promotion of violent ideologies.""}, {""id"": ""4"", ""text"": ""No harassment, dogpiling or doxxing of other users.""}, {""id"": ""5"", ""text"": ""No content illegal in The Netherlands.""}, {""id"": ""6"", ""text"": ""Do not share intentionally false or misleading information.""}, {""id"": ""7"", ""text"": ""Add a Content Warning (CW) to any toots that may hurt or trigger people like religion, gore, spoilers, or sensitive topics.""}]",17248,available-blue-dot
buttsex.restaurant,jan-feb2023,20231208045115,buttsex.restaurant,"[{""id"": ""2"", ""text"": ""do whatever you want but don't fuck up""}]",4,available-blue-dot
social.milktea.io,jan-feb2023,20240328151453,Moshitea,"[{""id"": ""2"", ""text"": ""Be kind""}, {""id"": ""4"", ""text"": ""Do not post content that is illegal""}, {""id"": ""5"", ""text"": ""Do not reupload other people’s content (eg art) without their permission""}, {""id"": ""6"", ""text"": ""Do use spoilers and content warnings as appropriate!""}]",7,available-blue-dot
furry.engineer,jan-feb2023,20230524215117,"Furry.Engineer - Duct tape, hotfixes, and poor soldering!","[{""id"": ""14"", ""text"": ""Rule #1 – No illegal content or conduct. Content or conduct that is illegal in the United States is strictly prohibited.""}, {""id"": ""15"", ""text"": ""Rule #2 – Racism, sexism, homophobia, transphobia, and other discrimination is prohibited. Users who engage in such conduct are not welcome on our platform.""}, {""id"": ""16"", ""text"": ""Rule #3 – Don’t stalk or harass other users. Respect other users of our service and other federated instances.""}, {""id"": ""17"", ""text"": ""Rule #4 – Misinformation and deceptive content is prohibited. Misinformation, scams, Ponzi schemes, and other deceptive tactics have become rampant on other platforms and we don’t want to see a resurgence of it in the Fediverse.""}, {""id"": ""18"", ""text"": ""Rule #5 – Content warnings (CW) are required for NSFW content, political discussion and debate, religious promotion and debate, and drug mentions.""}, {""id"": ""19"", ""text"": ""Rule #5.2 – Don't put polarizing, graphic, or sensitive content in the content warning (CW) description.""}, {""id"": ""20"", ""text"": ""Rule #6 – Respect the service. Spam and advertising is not acceptable, but friendly automated bots are welcome.""}, {""id"": ""21"", ""text"": ""Rule #7 – Use the report system. If a user or instance is breaking the rules, we recommend just reporting the content and not engaging.""}, {""id"": ""22"", ""text"": ""Rule #8.1 – Account / post language identification. We require that all posts are properly marked with the language used, which can be done at the account level through the account preferences page, or per-post by clicking the language button next to “CW” (Content Warning).""}, {""id"": ""23"", ""text"": ""Rule #8.2 – Misleading or deceptive impersonation. You may not impersonate an individual, group, or organization with the intent to deceive, confuse, and exploit other users. Parody accounts should tag themselves clearly in their profile description.""}, {""id"": ""24"", ""text"": ""Rule #8.3 – Bot accounts must mark themselves as a bot and must post using “Unlisted”, “Followers only”, or “Mentioned people only”, so we can keep the local and federated timelines clear and focused on users.""}, {""id"": ""25"", ""text"": ""Rule #8.4 – No brand or government-affiliated account may be registered on Pawb.Social services without prior written and publicly recorded approval, except furry fandom-operated brands and events covered by the exception in our full rules.""}, {""id"": ""26"", ""text"": ""Rule #8.5 – If you have been suspended from any Pawb.Social instance, you may not create another account on any of our services.""}, {""id"": ""27"", ""text"": ""Rule #8.6 – All avatars and header images must not contain any content that is prohibited by any other rule in the Code of Conduct, especially content that requires a Content Warning (CW).""}, {""id"": ""28"", ""text"": ""The full Code of Conduct can be found at https://docs.google.com/document/d/1jXkulJKMWEmv-cb_jaYkG2L0sTcZeHKdcqwImNkf6Ko – Some rules and wording listed here have been summarized for brevity.""}]",832,available-blue-dot
mstdn.plusminus.io,jan-feb2023,,,null,,no valid snapshot Jan-Feb 2023
neovibe.app,jan-feb2023,20230711161455,NeoVibe,"[{""id"": ""1"", ""text"": ""No discrimination, including (but not limited to) racism, sexism, homophobia or transphobia.""}, {""id"": ""3"", ""text"": ""No harassment of other users on this or other servers.""}, {""id"": ""4"", ""text"": ""No incitement of violence or promotion of violent ideologies.""}, {""id"": ""5"", ""text"": ""No disinformation regarding public health issues or political/military campaigns.""}, {""id"": ""6"", ""text"": ""No spam or unverified use of copyrighted material. This includes promotional campaigns, and SEO. If you have a self-run small business, please request permission before linking to any products for sale. We would like to make sure all items being sold are legal under this instance's USA laws.""}, {""id"": ""7"", ""text"": ""No impersonation of other individuals, public figures or organisations, unless clearly marked as a parody.""}, {""id"": ""8"", ""text"": ""No explicit (NSFW) content without content warnings and/or sensitive media markers. Explicit content must not be used in user avatars or header images.""}]",390,available-blue-dot
reactions-test.mara.guru,jan-feb2023,20250421145954,Yumeka SNS Lab - Reactions,"[{""id"": ""1"", ""text"": ""본 서버는 마스토돈 이모지 리액션 기능 테스트용 서버입니다. 접속 안정성을 보장하지 않으며 데이터 역시 소실될 수 있습니다.""}, {""id"": ""2"", ""text"": ""이외 규칙은 마라탕.인생 서버 규칙을 따릅니다. https://maratang.life/about""}]",1,available-blue-dot
kinkyelephant.com,jan-feb2023,20221116052739,Mastodon,"[{""id"": ""1"", ""text"": ""Don't be a dick. Being nice to each other is the most important rule of this instance.""}, {""id"": ""2"", ""text"": ""Don't post stuff you don't have the rights to without permission. This is a creator-friendly instance.""}, {""id"": ""3"", ""text"": ""Hywel is running this instance out of his own pocket for BDSM models, producers and fans. If you don't like the way this instance is run, start your own. That's what Mastodon is for :-)""}, {""id"": ""5"", ""text"": ""If you post illegal stuff, you're out. ""}, {""id"": ""6"", ""text"": ""Please mark \""Not Safe For Work\"" (NSFW) content with the eye button for images AND the CW button for text. It is important to DO BOTH for every post so vanilla users on other instances know what they are getting.""}]",3746,available-blue-dot
na.social,jan-feb2023,,,null,,no valid snapshot Jan-Feb 2023
thejoyo.com,jan-feb2023,20220106231119,TheJoYo,[],1,available-blue-dot
antisocial.existentialdread.com,jan-feb2023,,,null,,no valid snapshot Jan-Feb 2023
infosec.exchange,jan-feb2023,20230702145100,Infosec Exchange,"[{""id"": ""1"", ""text"": ""Do unto others as you think they would want done to them.  ""}, {""id"": ""2"", ""text"": ""Mark sensitive content with a content warning.  ""}, {""id"": ""3"", ""text"": ""Gratuitous obscenity that serves no practical benefit to a discussion is not permitted.""}, {""id"": ""4"", ""text"": ""Illegal content such as child pornography, unsurprisingly, is not permitted""}, {""id"": ""5"", ""text"": ""Spam is not permitted, this includes creating spam accounts that only serve to provide profile links or advertise products and services. ""}, {""id"": ""6"", ""text"": ""Hate speech and abusive or threatening behavior is not permitted, specifically that which directed at any gender, nationality, religion, race, age, pizza topping preference, or sexual identity.  One can hate on systemd all day long here.""}, {""id"": ""7"", ""text"": ""Lack of a specific rule against a certain behavior does not indicate acceptance of that behavior.  Each of us has a limited amount of time in this world.  Don't be a jerk.  ""}, {""id"": ""8"", ""text"": ""Violating one or more of these rules may result in an immediate, permanent ban without notice or warning.  ""}, {""id"": ""9"", ""text"": ""You may not impersonate a person or brand without a clear indication the account is unofficial and/or a parody. Parody accounts are permitted, as are legitimate brand accounts. ""}, {""id"": ""11"", ""text"": ""No attacks against (or from) the instance.\r\n\r\nYou may not do anything which may impact confidentiality, integrity or availability of Infosec.Exchange, the users of the service or their data.\r\nFor more details see https://wiki.infosec.exchange/rules/start""}, {""id"": ""12"", ""text"": ""No doxing (aka doxxing) or disclosing personal information without consent and as a means of harassing or causing others to harass another person.""}, {""id"": ""13"", ""text"": ""No harassment in the form of continued engagement after a person has requested contact to stop""}, {""id"": ""14"", ""text"": ""Automated posting:\r\n- accounts that post >50% using automation must be labeled as a “bot” in the user profile to help provide a visual indicator to visitors\r\n- automated posts must be limited to one post per hour/24 per day with post visibility set to “public”. There is no limit on “unlisted” posts.""}]",55805,available-blue-dot
mathstodon.xyz,jan-feb2023,20221107235909,Mathstodon,"[{""id"": ""1"", ""text"": ""Don’t do anything that’s illegal in the UK or EU.""}, {""id"": ""2"", ""text"": ""Aggression and elitism are unwelcome here - it’s not a competition. Don’t assume you know better than the person you’re talking to.""}, {""id"": ""3"", ""text"": ""We want to be inclusive; do not engage in exclusionary behaviour or language against anyone based on their race, gender (binary, assigned or otherwise), disability, mental health, sexual orientation, level of education or age.""}, {""id"": ""4"", ""text"": ""Don’t make exclusionary jokes. Don’t even make them “ironically”.""}, {""id"": ""5"", ""text"": ""Don’t harass people. Unconsented contact or sexual attention can constitute harassment, even if it wasn’t intended to cause upset. Dressing or acting in a certain way is not consent.""}]",4216,available-blue-dot
toots.ravenoak.dev,jan-feb2023,20241013100330,Ravenoak's Mastodon Server,"[{""id"": ""1"", ""text"": ""Don't get banned.""}]",3,available-blue-dot
tribe.net,jan-feb2023,,,null,,no valid snapshot Jan-Feb 2023
front-end.social,jan-feb2023,,,null,,no valid snapshot Jan-Feb 2023
crazylab.online,jan-feb2023,,,null,,no valid snapshot Jan-Feb 2023
august-don.site,jan-feb2023,,,null,,no valid snapshot Jan-Feb 2023
mastodon.art,jan-feb2023,20221203213443,Mastodon.ART,"[{""id"": ""1"", ""text"": ""No posting other artist's work without credit AND analysis/opinion .""}, {""id"": ""2"", ""text"": ""Posting the same content on multiple instances in order to spam local and/or federated timelines is not permitted.""}, {""id"": ""3"", ""text"": ""Respect other users' boundaries. ""}, {""id"": ""5"", ""text"": ""Tag sensitive content such as violence/blood, NSFW content, and other potentially upsetting or triggering topics, AND hide them under a Content Warning (CW). ""}, {""id"": ""6"", ""text"": ""No trolling, microaggressions, or harassment. See the Code of Conduct for the full list.""}, {""id"": ""7"", ""text"": ""No unapproved bots, advertising, or spam (this does *not* mean your shop links and commission pages! Please share those often!).""}, {""id"": ""8"", ""text"": ""No racism, sexism, discrimination against gender and sexual minorities, ableism, fatmisia, xenophobia and/or violent nationalism, or the advocation of all of the above.""}, {""id"": ""9"", ""text"": ""No content that includes sexual depictions of minors (this includes loli), content illegal in Germany and/or France, such as holocaust denial or Nazi symbolism, conduct promoting the ideology of National Socialism.""}, {""id"": ""10"", ""text"": ""•ART has a zero-tolerance mandate for harassment or bullying — your account will be immediately suspended.""}, {""id"": ""11"", ""text"": ""Conduct intended to stalk or harass users, impede users from using the service, degrade the performance of the service, or incite others to perform any of the aforementioned actions, is disallowed. ""}, {""id"": ""13"", ""text"": ""No NFT content. None at all. There are crypto-related instances on the fediverse that would be more suitable. ""}, {""id"": ""14"", ""text"": ""AI art only allowed if tagged with #AIArt and with the conditions stipulated under the Code of Conduct""}, {""id"": ""15"", ""text"": ""No flooding the public timelines (making lots of public posts in quick succession).""}]",26562,available-blue-dot
pixel.xarxa.cloud,jan-feb2023,20210619003724,Pixelfed (pixel.xarxa.cloud),[],0,available-blue-dot
mastodon.com.pl,jan-feb2023,20250908151445,Mastodon Poland,"[{""id"": ""1"", ""text"": ""(EN): No threats, harassment, racism, homophobia, sexism, and incitement to hatred towards individuals or groups. (PL): Niedozwolone są groźby, znęcanie się, rasizm, homofobia, seksizm oraz nawoływanie do nienawiści wobec jednostek oraz grup."", ""hint"": """", ""translations"": {}}, {""id"": ""2"", ""text"": ""(EN): No illegal content e.g. child pornography, pornography, frauds, illegal services etc.\r\n(PL): Niedozwolony jest content zabroniony prawnie np. dziecięca pornografia, pornografia, oszustwa, nielegalne usługi itp."", ""hint"": """", ""translations"": {}}, {""id"": ""3"", ""text"": ""(EN): No posting malicious links.\r\n(PL): Niedozwolone jest publikowanie złośliwych linków."", ""hint"": """", ""translations"": {}}, {""id"": ""4"", ""text"": ""(EN): No hate speech.\r\n(PL): Niedozwolona jest mowa nienawiści."", ""hint"": """", ""translations"": {}}, {""id"": ""5"", ""text"": ""(EN): NSFW content should be marked with a Content Warning. \r\n(PL): Treść NSFW piowinna być oznaczona ostrzeżeniem o zawartości."", ""hint"": """", ""translations"": {}}, {""id"": ""6"", ""text"": ""(EN): No spamming or explicit advertising allowed without proper introduction and/or other activity.\r\n(PL): Niedozwolone generowanie spamu ani jawnej reklamy bez odpowiedniego wprowadzenia i/lub innej aktywności."", ""hint"": """", ""translations"": {}}, {""id"": ""7"", ""text"": ""(EN): Comments should be related to the topics appearing within the thematic threads. (PL): Wypowiedzi powinny być związane z treściami pojawiającymi się w ramach wątków tematycznych."", ""hint"": """", ""translations"": {}}, {""id"": ""8"", ""text"": ""(EN): No insults based on their gender, sexual orientation, nationality, ethnicity, race, religion, or lack thereof. (PL): Niedozwolone jest znieważanie Użytkowników z powodu ich przynależności płciowej, seksualnej, narodowej, etnicznej, rasowej, wyznaniowej, albo z powodu jej bezwyznaniowości."", ""hint"": """", ""translations"": {}}, {""id"": ""9"", ""text"": ""(EN): No chauvinistic, misogynistic nature, as well as content displaying signs of gender discrimination. (PL): Niedozwolone są treści o charakterze szowinistycznym i mizoginistycznym, jak również noszące znamiona dyskryminacji płciowej."", ""hint"": """", ""translations"": {}}, {""id"": ""10"", ""text"": ""(EN): No content violating the personal rights of any third party. (PL): Zabrania się zamieszczania treści naruszających dobra osobiste osób trzecich."", ""hint"": """", ""translations"": {}}, {""id"": ""11"", ""text"": ""(EN): No content inciting dangerous behavior or praising such behaviord. (PL): Niedozwolone są treści nawołujące do zachowań niebezpiecznych, lub pochwalają takie zachowania."", ""hint"": """", ""translations"": {}}, {""id"": ""12"", ""text"": ""(EN): Upon creating an account, it is required to introduce oneself using the hashtag #introduction in one's post. (PL): Po utworzeniu konta, wymagane jest przedstawienie się z wykorzystaniem hasztagu #introduction w swoim toot'cie."", ""hint"": """", ""translations"": {}}]",1377,available-blue-dot
precure.ml,jan-feb2023,20230718003129,キュアスタ！,"[{""id"": ""1"", ""text"": ""プリキュアシリーズへの愛があることは、参加のそもそもの前提とさせて頂きます。""}, {""id"": ""2"", ""text"": ""ネタバレを含む投稿にはCW機能の使用をお願いします。その際、注釈（タイトル）は必ず、ネタバレを含むという意図がわかるものにしてください。""}, {""id"": ""3"", ""text"": ""規約にもある通り、投稿の著作権は本人にあります。当然ながら、不適切な投稿の責任も本人が持つものとします。""}, {""id"": ""4"", ""text"": ""いかなる理由があっても、東映公式やおもちゃ業界等の守秘事項の投稿はしないでください。（なお、商標の出願公開は守秘事項に含みません）""}, {""id"": ""6"", ""text"": ""大事なお知らせを伝えることがある「お知らせボット」へのフォローを外すことは出来ません。外しても、数分後にフォローが復活します。""}]",351,available-blue-dot
mamot.fr,jan-feb2023,20230722180134,La Quadrature du Net - Mastodon - Media Fédéré,"[{""id"": ""1"", ""text"": ""Conformément aux lois françaises et à la jurisprudence, les contenus pédopornographiques, y compris sous forme dessinée, sont illégaux et seront supprimés, et les comptes concernés bloqués (si distants) ou supprimés (si local).""}, {""id"": ""2"", ""text"": ""Les contenus pornographiques ou visiblement violents doivent être marqués avec le drapeau \""sensible / sensitive\"". Les comptes ne respectant pas cette règle seront rendus invisibles aux flux locaux et fédérés. ""}, {""id"": ""3"", ""text"": ""La publicité, sous forme répétée et/ou intrusive (faisant mention d'autres utilisateur·ices), n'est pas acceptée. Les comptes concernés seront rendus invisibles aux flux locaux et fédérés, ou supprimés, selon la gravité de la situation. ""}, {""id"": ""4"", ""text"": ""Approchez les personnes avec précaution et politesse. Si une personne vous demande d'arrêter de la mentionner ou qu'elle exprime ne plus vouloir participer à une discussion, arrêtez immédiatement. ""}, {""id"": ""5"", ""text"": ""Sont interdits les propos, images ou vidéos racistes, sexistes, homophobes ou transphobes.""}, {""id"": ""6"", ""text"": ""Sont interdits les avances ou propositions à caractères sexuels non-sollicitées.""}, {""id"": ""7"", ""text"": ""Sont interdit toute conduite, en public ou en privé, ayant pour but de traquer, harceler ou intimider d'autres personnes.""}, {""id"": ""8"", ""text"": ""Il est interdit de rassembler, publier, disséminer les informations personnelles d'une autre personne sans son autorisation explicite.""}, {""id"": ""9"", ""text"": ""Il est interdit de poursuivre une conversation ou inciter une personne à poursuivre une interaction avec une personne ayant réclamé la cessation de ladite interaction peut être considéré comme du harcèlement, indépendamment de la confidentialité employée.""}, {""id"": ""10"", ""text"": ""Est interdit toute tentative de retournement d’une oppression systémique. Par exemple : « racisme anti-blanc », « sexisme anti-homme », « hétérophobie », « cisphobie ».""}, {""id"": ""11"", ""text"": ""Il est interdit publier ou diffuser intentionnellement des propos diffamatoires, calomnieux. Cela concerne aussi toute désinformation avec intention de tromper (le gorafi ou the onion sont donc autorisés).""}]",38429,available-blue-dot
friendzone.social,jan-feb2023,20221031185100,Mastodon,[],2,available-blue-dot
social.krebsco.de,jan-feb2023,,,null,,no valid snapshot Jan-Feb 2023
aus.social,jan-feb2023,20230126045755,Aus.Social,"[{""id"": ""9"", ""text"": ""Do not break the Code of Conduct.""}, {""id"": ""10"", ""text"": ""Do not break the law (Australian).""}, {""id"": ""11"", ""text"": ""Do not open a Business/Professional/Brand account (Art, Music or homemade stuff is fine).""}, {""id"": ""12"", ""text"": ""Do not create accounts for Impersonation (individuals, groups, or organisations)""}]",23597,cdx-window
syringa.social,jan-feb2023,20240106094805,Syringa.Social,"[{""id"": ""1"", ""text"": ""Be Kind""}, {""id"": ""7"", ""text"": ""Sexually explicit or violent media must be marked as sensitive when posting.""}, {""id"": ""9"", ""text"": ""No racism, sexism, homophobia, transphobia, xenophobia, casteism or fascism. ""}, {""id"": ""10"", ""text"": ""No incitement of violence or promotion of violent ideologies.""}, {""id"": ""11"", ""text"": ""No harassment, dogpiling or doxxing of other users.""}, {""id"": ""12"", ""text"": ""No illegal content.""}, {""id"": ""14"", ""text"": ""This site is directed to people over 13 years old,  as required by COPPA. ""}, {""id"": ""15"", ""text"": ""Running this server is a labor of love, don't make me not love this. ""}]",122,available-blue-dot
fivem.social,jan-feb2023,20250720132617,FiveM SociaL,"[{""id"": ""6"", ""text"": ""Before posting, make sure that both your server and you are in compliance with the CFX, FiveM, and Rockstar TOS (Terms of Service)."", ""hint"": """", ""translations"": {}}, {""id"": ""7"", ""text"": ""Please ensure you use the correct handle when creating your FiveM.Social account. We are unable to manually change handles, so it is important that your handle reflects your desired username when setting up your account. Any changes after creation will require creating a new account."", ""hint"": ""To avoid issues, double-check your handle before finalizing your account creation. This will help prevent the need for account deletions or the creation of a new account. If you need any assistance, feel free to reach out, but please note that handle changes are not supported once the account is created."", ""translations"": {}}, {""id"": ""8"", ""text"": ""Respect All Members"", ""hint"": ""Treat all members with respect. Harassment, hate speech, or discriminatory behavior will not be tolerated."", ""translations"": {}}, {""id"": ""9"", ""text"": ""Appropriate Content Only"", ""hint"": ""Ensure all content shared is appropriate for all audiences. Explicit or NSFW content is not allowed."", ""translations"": {}}, {""id"": ""10"", ""text"": ""Account Security"", ""hint"": ""Do not share your account credentials or other personal information in public channels. Protect your privacy."", ""translations"": {}}, {""id"": ""11"", ""text"": ""Faster Account Approval"", ""hint"": ""If you would like your account to be approved faster, you can join our Discord server and use our Discord bot for quicker approval processing. This will help speed up the verification and approval process."", ""translations"": {}}]",4339,available-blue-dot
augsburg.social,jan-feb2023,20211127121439,Mastodon - Augsburg.social,[],12,available-blue-dot
sakurajima.moe,jan-feb2023,,,null,,no valid snapshot Jan-Feb 2023
sigmoid.social,jan-feb2023,,,null,,no valid snapshot Jan-Feb 2023
mstdn.business,jan-feb2023,20250425055801,Mastodon For Business,"[{""id"": ""2"", ""text"": ""No NSFW or illegal content.""}, {""id"": ""3"", ""text"": ""No racism, sexism, homophobia, transphobia, or xenophobia.""}, {""id"": ""4"", ""text"": ""Do not share intentionally false or misleading information.""}, {""id"": ""5"", ""text"": ""No spam or excessive promotion.""}, {""id"": ""6"", ""text"": ""Brands are welcome. For personal accounts use your real name.""}]",27308,available-blue-dot
fedibird.com,jan-feb2023,20221020153223,Fedibird,"[{""id"": ""2"", ""text"": ""日本の法律と社会規範に従った行動を心がけてください""}, {""id"": ""3"", ""text"": ""不快や脅威に対してはブロック・ミュート・フィルターで距離をとってください""}, {""id"": ""1"", ""text"": ""投稿する際は、適切な公開範囲・CW・閲覧注意を使用してください""}]",4100,available-blue-dot
pixelfed.social,jan-feb2023,,,null,,no valid snapshot Jan-Feb 2023
hcommons.social,jan-feb2023,20221208170822,hcommons.social,"[{""id"": ""6"", ""text"": ""No racism, sexism / misogyny, ableism, anti-semitism / religious-based hate, homophobia, transphobia, xenophobia, or casteism.""}, {""id"": ""7"", ""text"": ""No incitement of violence or promotion of violent, white supremecist, incel, Holocaust denial or Nazi ideologies.""}, {""id"": ""8"", ""text"": ""No harassment, dogpiling, or doxxing of other users.""}, {""id"": ""9"", ""text"": ""Sexually explicit or violent media must be marked as sensitive. Pornographic material may not be posted.""}, {""id"": ""10"", ""text"": ""No intentionally false or misleading information (this includes COVID-19 and vaccine misinformation).""}, {""id"": ""11"", ""text"": ""No spam.""}]",964,available-blue-dot
h4.io,jan-feb2023,20230114171914,h4.io,"[{""id"": ""11"", ""text"": ""Soyez respectueux, civils et accueillants.""}, {""id"": ""12"", ""text"": ""Votre contenu doit être en français pour préserver une cohérence des fils et faciliter la modération.""}, {""id"": ""13"", ""text"": ""Nous n'autorisons pas le cross-postage (se référer à la page \""À propos\"" pour plus d'explication).""}, {""id"": ""14"", ""text"": ""Ne rejoignez pas h4 simplement pour promouvoir un contenu en le spammant.""}, {""id"": ""15"", ""text"": ""La désinformation vérifiable est proscrite.""}, {""id"": ""16"", ""text"": ""Les propos illégaux (racistes, homophobes, transphobes, sexistes) sont proscrits.""}, {""id"": ""17"", ""text"": ""Les propos discriminants, incitants à la violence ou contribuant au harcèlement sont proscrits.""}, {""id"": ""18"", ""text"": ""Les tentatives de retournement d'oppressions systémiques (\""racisme anti-blanc, sexisme anti-homme, hétérophobie, cisphobie, etc) sont proscrites.""}, {""id"": ""19"", ""text"": ""Les contenus répréhensibles par la loi française sont proscrits.""}, {""id"": ""20"", ""text"": ""Les contenus pornographiques ne sont pas autorisés sur la plateforme puisque nous n'avons pas la capacité d'en assurer la provenance éthique et légale.""}, {""id"": ""21"", ""text"": ""Les contenus érotiques (ou explicites et personnel) sont autorisés mais doivent avoir un avertissement de contenu pour ne pas les imposer à la communauté.""}]",7313,cdx-window
corteximplant.com,jan-feb2023,,,null,,no valid snapshot Jan-Feb 2023
m.cmx.im,jan-feb2023,,,null,,no valid snapshot Jan-Feb 2023
mastodon.online,jan-feb2023,20230210055049,Mastodon,"[{""id"": ""1"", ""text"": ""No racism, sexism, homophobia, transphobia, xenophobia, or casteism""}, {""id"": ""6"", ""text"": ""Sexually explicit or violent media must be marked as sensitive when posting""}, {""id"": ""7"", ""text"": ""No incitement of violence or promotion of violent ideologies""}, {""id"": ""8"", ""text"": ""No harassment, dogpiling or doxxing of other users""}, {""id"": ""10"", ""text"": ""Do not share false or misleading information that may lead to physical harm""}]",166948,cdx-window
mastodon.economiasocial.org,jan-feb2023,20221031173035,Mastodon,[],4,available-blue-dot
hachyderm.io,jan-feb2023,20230202001300,Hachyderm.io,"[{""id"": ""1"", ""text"": ""Don't be a dick.""}, {""id"": ""2"", ""text"": ""No hacking.""}, {""id"": ""3"", ""text"": ""No violence.""}, {""id"": ""4"", ""text"": ""No fascism. ""}, {""id"": ""5"", ""text"": ""No colonialism.""}, {""id"": ""6"", ""text"": ""No white supremacy.""}, {""id"": ""7"", ""text"": ""No religious extremism. ""}, {""id"": ""9"", ""text"": ""No nationalism.""}, {""id"": ""11"", ""text"": ""No racism.""}, {""id"": ""12"", ""text"": ""No homophobia.""}, {""id"": ""13"", ""text"": ""No transphobia.""}, {""id"": ""14"", ""text"": ""Safe Space: LGTBQIA+""}, {""id"": ""15"", ""text"": ""Safe Space: neurodivergent (ADHD, Autism, etc.) ""}]",43877,cdx-window
social.hyuki.net,jan-feb2023,20221123234003,結城浩のマストドン,"[{""id"": ""3"", ""text"": ""いつも喜び、たえず祈り、すべてに感謝しましょう。""}]",2,available-blue-dot
mstdn.plus,jan-feb2023,20250423220745,MSTDN+,"[{""id"": ""1"", ""text"": ""Nudity and sexually explicit content is prohibited for accounts registered on this instance"", ""hint"": ""You can register on mstdn.party instead, which is administered by the same staff team.""}, {""id"": ""2"", ""text"": ""Violent media must be marked as sensitive when posting"", ""hint"": """"}, {""id"": ""4"", ""text"": ""No racism, sexism, homophobia, transphobia, xenophobia, or casteism"", ""hint"": ""This rule is written as it is on mastodon.social as well as many other generalist instances. The omission of any specific term is not intentional, and bad faith attempts to challenge the exact terminology are considered to be in violation of the rule.""}, {""id"": ""5"", ""text"": ""No incitement of violence or promotion of violent ideologies"", ""hint"": """"}, {""id"": ""6"", ""text"": ""No harassment, dogpiling or doxxing of other users"", ""hint"": """"}, {""id"": ""7"", ""text"": ""No content illegal in the United States, Germany, or Finland"", ""hint"": """"}, {""id"": ""9"", ""text"": ""Do not share intentionally false or misleading information"", ""hint"": """"}, {""id"": ""10"", ""text"": ""Bots must be marked as bots in their profile preferences, and automated posts should be unlisted."", ""hint"": ""Any accounts that produce automated posts and do not plan to manually respond to replies are considered \""bots\"" here. This rule applies to all bots, other than local accounts that provide content of general public interest AND post at an average frequency of at most once per hour with reasonable spacing. Other exceptions may be granted on a case-by-case basis.""}, {""id"": ""12"", ""text"": ""You must select the appropriate language for each post."", ""hint"": ""See https://fedi.tips/setting-your-language-preferences-on-mastodon-and-filtering-out-posts-in-other-languages/. This is necessary for the proper functioning of the timeline language filter. If a post is in multiple languages, choose one that represents a significant part of the post.""}, {""id"": ""14"", ""text"": ""Do not spam or abuse network features."", ""hint"": """"}, {""id"": ""15"", ""text"": ""Please read https://mpp.bus-hit.me for moderation information and best practices."", ""hint"": """"}]",12315,available-blue-dot
xoxo.zone,jan-feb2023,,,null,,no valid snapshot Jan-Feb 2023
mastodon.uno,jan-feb2023,20230505101227,Mastodon.Uno Social - Italia,"[{""id"": ""1"", ""text"": ""No al trolling, shitposting, bodyshaming e bullismo\r\n""}, {""id"": ""2"", ""text"": ""No alla diffusione intenzionale di notizie false, fuorvianti o manipolate e alla condivisione di informazioni con intenti antiscientifici.""}, {""id"": ""3"", ""text"": ""No a comportamenti molesti e tossici, dogpiling o doxxing.""}, {""id"": ""4"", ""text"": ""No al razzismo, sessismo, misoginia, omofobia, bifobia, lesbofobia, transfobia, afobia""}, {""id"": ""7"", ""text"": ""No contenuti VM18""}, {""id"": ""11"", ""text"": ""No al proselitismo e all'intolleranza religiosa""}, {""id"": ""13"", ""text"": ""No apologia del fascismo - nazismo""}, {""id"": ""14"", ""text"": ""No allo Spam, al Flood e ai Bot""}]",67183,available-blue-dot
famichiki.jp,jan-feb2023,20230614184220,Famichiki,"[{""id"": ""1"", ""text"": ""We unconditionally do not tolerate oppressive behaviour against anyone, regardless of race, colour, sex, sexual orientation, gender, language, religion, or other status. ""}, {""id"": ""2"", ""text"": ""NSFW content is OK. But be sure to use Content Warnings when posting such content.""}, {""id"": ""3"", ""text"": ""No excessive advertising. It's OK to promote what you're working on. Share cool stores you found and companies you work for or with. Do not shill MLM/NFT/Crypto.""}, {""id"": ""4"", ""text"": ""Be mindful with the amount of media that you upload. This is a community ran Mastodon, not Flickr. There's no hard limits, please use common sense.""}, {""id"": ""5"", ""text"": ""Bots are allowed, if they serve the community\r\n\r\nAllowed bots shouldn't flood the timeline with repetitive content. Lock your account or use https://botsin.space/ for high-frequency bots. Contact admins for help.""}, {""id"": ""6"", ""text"": ""No sexually suggestive avatars and header graphics are permitted. This includes, but is not limited to, anime-type graphics, photos, illustrations, and others.""}]",637,available-blue-dot
hackaday.social,jan-feb2023,20240328080125,hackaday.social,"[{""id"": ""1"", ""text"": ""Respect Others. Harassment of other users in any form will not be tolerated.""}, {""id"": ""2"", ""text"": ""Stay Work Safe. Sexual language and imagery is not appropriate for this server, and excessive foul language will get you muted or kicked.""}, {""id"": ""3"", ""text"": ""No Illegal Activity. We aren’t those kinds of hackers, so keep discussion on-topic.\r\n""}, {""id"": ""4"", ""text"": ""No Spam. Repeatedly posting the same messages and images is disruptive and annoying.""}, {""id"": ""5"", ""text"": ""No Ads. Personal projects are OK, but links to commercial products or paid services may be deleted.""}]",47,available-blue-dot
ostatus.taiyolab.com,jan-feb2023,20221122034930,taiyolab.com,"[{""id"": ""1"", ""text"": ""藤井太洋の管理するアカウントだけが登録できます""}]",2,available-blue-dot
disobey.net,jan-feb2023,20230319070519,disobey.net,"[{""id"": ""1"", ""text"": ""Don't be a jerk. Hate speech, discrimination, and harassment of any kind are not tolerated here.\r\n\r\n""}, {""id"": ""2"", ""text"": ""If you post adult content, please mark it as sensitive so that your followers can choose when to see it.""}, {""id"": ""3"", ""text"": ""No spam.""}, {""id"": ""4"", ""text"": ""Do not post anything which would violate the law in either your home jurisdiction, under United States law, or Washington State law.""}]",9,available-blue-dot
scicomm.xyz,jan-feb2023,,,null,,no valid snapshot Jan-Feb 2023
historians.social,jan-feb2023,,,null,,no valid snapshot Jan-Feb 2023
ohai.social,jan-feb2023,20250718143003,ohai.social,"[{""id"": ""1"", ""text"": ""We do not tolerate discriminatory behavior and content promoting or advocating the oppression of members of marginalized groups."", ""hint"": """", ""translations"": {}}, {""id"": ""8"", ""text"": ""We do not tolerate threatening behavior, stalking, doxxing, or harassment (including brigading, dogpiling, or any other form of contact with a user who has stated that they do not wish to be contacted)."", ""hint"": """", ""translations"": {}}, {""id"": ""11"", ""text"": ""We do not tolerate violent nationalist propaganda, Nazi symbolism or promoting the ideology of National Socialism."", ""hint"": """", ""translations"": {}}, {""id"": ""12"", ""text"": ""We do not tolerate conspiracy narratives or other reactionary myths supporting or leading to the above-mentioned (and/or similar) behavior."", ""hint"": """", ""translations"": {}}, {""id"": ""15"", ""text"": ""All explicit (NSFW) content must be marked as sensitive and have a content warning. Explicit content must not be used in user avatars or header images."", ""hint"": """", ""translations"": {}}, {""id"": ""16"", ""text"": ""Content that is illegal in Germany will be deleted and may lead to immediate account suspension."", ""hint"": """", ""translations"": {}}]",40179,available-blue-dot
vis.social,jan-feb2023,,,null,,no valid snapshot Jan-Feb 2023
kind.social,jan-feb2023,,,null,,no valid snapshot Jan-Feb 2023
social.lol,jan-feb2023,20240111211838,social.lol,"[{""id"": ""4"", ""text"": ""Don’t spread hate or negativity, especially based on people’s fundamental differences such as gender identity, sexual orientation, race, ethnicity, age, ability, and social class.""}, {""id"": ""5"", ""text"": ""Don’t harass, troll, seek to offend, shitpost, or otherwise bother anyone.""}, {""id"": ""6"", ""text"": ""Don’t lie, and don’t spread others’ lies or misinformation.""}, {""id"": ""7"", ""text"": ""Don’t run bots or anything that automates interactions with people.""}]",1912,available-blue-dot
sajin.life,jan-feb2023,20250713024203,사진.인생,"[{""id"": ""1"", ""text"": ""타인을 모욕, 괴롭힘, 사칭 명예 훼손등의 목적으로 계정을 생성하거나 컨텐츠를 업로드 하지 마세요.""}, {""id"": ""2"", ""text"": ""다른 사람이 불쾌감을 느낄 수 있는 컨텐츠는 NSFW 표시로 가려주세요.""}, {""id"": ""3"", ""text"": ""인종, 성정체성, 장애, 지역 및 국적등을 이유로 다른 사람을 차별하는 행위를 금지합니다.""}, {""id"": ""4"", ""text"": ""과도한 욕설 혹은 높은 수위의 게시글은 NSFW를 적용하고 공개 범위를 변경해주세요.""}, {""id"": ""5"", ""text"": ""타인의 명시적인 동의 없이 개인 정보를 게시하거나 공유하지 마세요.""}, {""id"": ""6"", ""text"": ""스팸 행위 및 이를 위한 계정 생성을 금지합니다.""}, {""id"": ""7"", ""text"": ""위의 규칙들을 악용하여 서버 이용을 방해하는 행위를 금지합니다.""}]",265,available-blue-dot
layer8.space,jan-feb2023,,,null,,no valid snapshot Jan-Feb 2023
mastodon.nz,jan-feb2023,20230130105222,Mastodon NZ,"[{""id"": ""16"", ""text"": ""In order to register here, you must be at least 13 years of age.""}, {""id"": ""17"", ""text"": ""You MUST describe your link to NZ as part of your reason for wanting to join on the next page. Applications without this will be declined. You must be a kiwi or honorary kiwi, at home or abroad, to join Mastodon.nz.""}, {""id"": ""18"", ""text"": ""You may only have one account on Mastodon.nz.""}, {""id"": ""19"", ""text"": ""Personal accounts only. We do not allow bots, commercial, business, organisation or purely promotional accounts.""}, {""id"": ""20"", ""text"": ""Automated cross-posting from other services such as twitter is considered to be a bot and is not allowed. If you have a blog or something and you want feed that through, this is generally fine.""}, {""id"": ""21"", ""text"": ""No spamming. The occasional mention of your shop, fundraiser etc. is fine. It's hard to give a defined daily limit of what constitutes spam. Personal or professional (i.e. Mutual Aid/Kickstarters) fundraisers must be clearly tagged as such.""}, {""id"": ""22"", ""text"": ""Content Warnings are mandatory on posts containing gore, violence, and “hot button” political or news takes, including accompanying images and links.""}, {""id"": ""23"", ""text"": ""No impersonation of others. We may consider obvious parody accounts, but they must be agreed with @theadmin in advance.""}, {""id"": ""24"", ""text"": ""No hate speech, racism, sexism, ableism, homophobia or transphobia.""}, {""id"": ""25"", ""text"": ""No illegal content, gore or violence for the sake of it, incitement of violence or promotion of violent ideologies or conspiracy theories.""}, {""id"": ""26"", ""text"": ""No NSFW content. A bit of casual swearing is fine, but don't be derogatory or aggressive to other users (see rule 12).""}, {""id"": ""27"", ""text"": ""Be kind. No abuse or harassment will be tolerated. ""}, {""id"": ""28"", ""text"": ""No doxxing other users.""}, {""id"": ""29"", ""text"": ""Content hosted on Mastodon.nz or produced by its users may not be reused outside of the fediverse without the express permission of the author(s).""}, {""id"": ""30"", ""text"": ""Mastodon.NZ complies with copyright laws. We expect you to as well. Your content must be your own or acceptable use.""}, {""id"": ""32"", ""text"": ""Image descriptions: It is expected that users will add image descriptions to their uploads for\r\nour visually impaired users. Unless there is a reason you can not, you must do so.""}, {""id"": ""33"", ""text"": ""Expanded rule list with examples can be found @ https://mastodon.nz/rules.pdf""}]",8826,cdx-window
yiff.life,jan-feb2023,20230417220745,Yiff.Life - It's not what you think...,"[{""id"": ""2"", ""text"": ""You must be 18+ to join.""}, {""id"": ""3"", ""text"": ""Don't be an asshole.""}, {""id"": ""4"", ""text"": ""All \""not safe for work content\""/\""NSFW\""/nudity/explicit content must be tagged and hidden in public toots.""}, {""id"": ""5"", ""text"": ""Posting illegal content will result in an immediate ban. The definition of \""illegal content\"" is based on US laws.""}, {""id"": ""6"", ""text"": ""No suggestive/NSFW content depicting minors or \""cub\"" art.""}, {""id"": ""7"", ""text"": ""No slurs, transphobia, hate material or discrimination of any kind will be tolerated on this instance.""}, {""id"": ""8"", ""text"": ""Any instances primarily hosting or refusing to moderate any of the above content (section 6) will be blocked from federating.""}, {""id"": ""9"", ""text"": ""These rules are subject to being amended and updated at any time, without notice.""}, {""id"": ""10"", ""text"": ""Please review our <a href=\""https://yiff.life/terms#extendedcoc\"">Extended Code of Conduct</a> and <a href=\""https://yiff.life/terms#termsofservice\"">Terms of Service</a> for more information.""}]",3404,available-blue-dot
mastodon.radio,jan-feb2023,20230707145559,Mastodon.Radio,"[{""id"": ""2"", ""text"": ""We suggest using your radio callsign as your username. If you don't have one yet, plan to change it soon, want to avoid doxing, or just enjoy listening, that's ok too.""}, {""id"": ""4"", ""text"": ""Please be respectful of others. Their age, gender, sexual orientation, gender identity, background, preference for transistors over vales, etc. are all _NOT_ reasons to be a twit""}, {""id"": ""5"", ""text"": ""Anyone is welcome to report inappropriate behaviour, they will be listened to, and action will be taken. This will be anything from a warning, to banning. Moderation decisions will be made using the Paradox of Tolerance.""}, {""id"": ""6"", ""text"": ""Expect anything you post on mastodon.radio to be public, including direct messages, that way you can never be surprised or embarrassed""}, {""id"": ""7"", ""text"": ""Any images or videos uploaded to mastodon.radio _MUST_ have an appropriate textual description. If you need help with this, please ask!""}, {""id"": ""8"", ""text"": ""Your right to free speech does not supersede my right to call you out and kick you out for being a dick""}, {""id"": ""10"", ""text"": ""No spam, no commercial advertising (occasional personal listings are OK), no sexually explicit or violent media (yes that includes pictures of your gun), no threats of violence.""}, {""id"": ""11"", ""text"": ""No illegal content - this server is hosted in UK""}, {""id"": ""12"", ""text"": ""When apply for an account, if you've actually read these rules, please end your \""Why do you want to join?\"" with the phrase \""hippo cornflakes\""""}]",2625,available-blue-dot
social.growyourown.services,jan-feb2023,20230201135036,social.growyourown.services,"[{""id"": ""1"", ""text"": ""No racist, sexist, anti-LGBTQIA, ableist or other bigoted content""}, {""id"": ""2"", ""text"": ""No illegal content or links to illegal content""}, {""id"": ""3"", ""text"": ""No harassment, no bullying, no intimidation""}, {""id"": ""4"", ""text"": ""No incitement to violence or threats of violence""}, {""id"": ""5"", ""text"": ""No spam, advertising, sexually explicit or violent contents""}]",4,cdx-window
bequeme-couch.de,jan-feb2023,20250716051433,Bequeme Couch,"[{""id"": ""12"", ""text"": ""Don’t post anything illegal."", ""hint"": """"}, {""id"": ""15"", ""text"": ""No harassment, stalking, mobbing, deadnaming, misgendering, or contacting users who have made it clear they do not wish to be contacted."", ""hint"": """"}, {""id"": ""16"", ""text"": ""No right or alt-right bullshit, Nazi content, conspiracy narratives."", ""hint"": """"}, {""id"": ""18"", ""text"": ""No spam."", ""hint"": """"}, {""id"": ""19"", ""text"": ""Don’t post anything that you wouldn’t say on Max's real couch.\r\n"", ""hint"": """"}]",8,available-blue-dot
definitely.social,jan-feb2023,20250713014605,Definitely Hometown,"[{""id"": ""3"", ""text"": ""Don't be a dick.""}, {""id"": ""4"", ""text"": ""No violence or threats of violence.""}, {""id"": ""5"", ""text"": ""No white supremacy.""}, {""id"": ""6"", ""text"": ""No racism.""}, {""id"": ""7"", ""text"": ""No homophobia.""}, {""id"": ""8"", ""text"": ""No transphobia.""}, {""id"": ""9"", ""text"": ""No fascism.""}, {""id"": ""10"", ""text"": ""No spam.""}]",18,available-blue-dot
nitecrew.rip,jan-feb2023,20221115235524,n i t e c r e w,"[{""id"": ""2"", ""text"": ""Don't be a shithead""}, {""id"": ""4"", ""text"": ""CW required on truly disturbing content. Things like nudity/sexual content, gore/blood, and imagery or discussions that could get someone in trouble if opened in mixed company. EC and food are optional. ""}, {""id"": ""5"", ""text"": ""Don't touch the poop. It'll eventually touch back.""}, {""id"": ""6"", ""text"": ""No shoes. Take 'em off at the door, don't track your filth onto my clean floors.""}, {""id"": ""7"", ""text"": ""Don't fix your typos. Full sends only.""}, {""id"": ""8"", ""text"": ""Give Skelly your bones. EXCEPT squirrel bones.""}, {""id"": ""9"", ""text"": ""NO AHEGAO. not allowed.""}, {""id"": ""11"", ""text"": ""You cannot be racist against white people. It doesn't work that way.""}, {""id"": ""12"", ""text"": ""UH OH COMMUNISM""}]",24,available-blue-dot
eightpoint.app,jan-feb2023,20221213211800,eightpoint,"[{""id"": ""1"", ""text"": ""No alt-right ideologies or sympathizing for said ideologies.\r\n""}, {""id"": ""2"", ""text"": ""No promotion of authoritarianism.""}, {""id"": ""10"", ""text"": ""No šāru lemna/lashon hara\r\n\r\nAbout:\r\n https://cohost.org/shel/post/29079-lashon-hara-direct\r\n\r\nWhen It’s Permissible:\r\nhttps://torah.org/learning/halashon-chapter10/""}, {""id"": ""11"", ""text"": ""Spoiler and warn NSFW images. ""}, {""id"": ""12"", ""text"": ""Just dont be an asshole.""}, {""id"": ""13"", ""text"": ""Porn and smut are definitely allowed here. Go nuts. Post nuts. ""}, {""id"": ""14"", ""text"": ""18 and older only please if you are found to be breaking this rule you will be removed""}, {""id"": ""15"", ""text"": ""No bigoted behavior of any kind is tolerated.""}, {""id"": ""16"", ""text"": ""No illegal content, yes this includes lolicon. ""}]",681,available-blue-dot
